{
  "git_sha": "50f9245",
  "mock_embedder": true,
  "n_memories": 500,
  "n_runs": 2,
  "walls_s": [
    1.9747038750210777,
    0.018721625005127862
  ],
  "mean_s": 0.9967127500131028,
  "stdev_s": 1.3830883128667992,
  "verdict": "PASS"
}