{
  "git_sha": "50f9245",
  "mock_embedder": true,
  "ingestion_wall_s": 1.430749624996679,
  "cold_walls_ms": [
    7.470124983228743,
    4.1465419926680624,
    4.236958018736914,
    3.9254169969353825,
    3.9437920204363763,
    18.739917024504393,
    4.14104200899601,
    4.000665998319164,
    3.8268750067800283,
    4.256457992596552,
    4.398707998916507,
    4.5653749839402735,
    3.9661669870838523,
    3.9664589858148247,
    4.1910840081982315,
    4.284042021026835,
    4.023084009531885,
    4.044083005283028,
    4.599832987878472,
    4.191417014226317,
    4.159832984441891,
    4.1567080188542604,
    4.404667008202523,
    4.321165994042531,
    4.138334013987333,
    3.972749982494861,
    4.261583002517,
    4.0948750101961195,
    4.201667004963383,
    4.075082979397848,
    4.326000023866072,
    4.246166994562373,
    0.9082500182557851,
    4.057916987221688,
    4.207541001960635,
    4.257124994182959,
    4.118625016417354,
    4.017500003101304,
    4.0760000119917095,
    4.206582991173491,
    4.38945900532417,
    4.117875010706484,
    4.117042000871152,
    4.264041024725884,
    4.116750002140179,
    4.183084005489945,
    4.019290994619951,
    4.287832998670638,
    4.180499992799014,
    4.085499997017905
  ],
  "warm_walls_ms": [
    4.181541997240856,
    4.160415992373601,
    4.139374999795109,
    4.0908750088419765,
    4.076666984474286,
    4.312542005209252,
    4.239791975123808,
    4.059083003085107,
    19.421833014348522,
    4.22120897565037,
    4.296458006137982,
    4.081499995663762,
    3.881749988067895,
    3.7924579810351133,
    4.147625004407018,
    4.1704580071382225,
    3.7999170017428696,
    3.8787919911555946,
    3.8404579972848296,
    3.8716669951099902,
    4.132083005970344,
    4.024791007395834,
    4.055458004586399,
    3.933500003768131,
    3.8232909864746034,
    3.756165999220684,
    3.857875009998679,
    3.9791669987607747,
    3.9667919918429106,
    3.8829589902888983,
    3.8792089908383787,
    3.9061249990481883,
    0.6950419920030981,
    4.174458998022601,
    4.027249990031123,
    3.853458008961752,
    3.886999998940155,
    3.8099579978734255,
    3.973334009060636,
    4.0304160211235285,
    4.021208005724475,
    4.206249985145405,
    4.471166001167148,
    4.316958016715944,
    4.018291976535693,
    4.04887500917539,
    4.022874985821545,
    4.128208005568013,
    4.1632500069681555,
    4.016791994217783
  ],
  "cold_p50_ms": 4.158270501648076,
  "cold_p95_ms": 4.599832987878472,
  "warm_p50_ms": 4.0260204987134784,
  "warm_p95_ms": 4.316958016715944,
  "nf1_pass": true,
  "nf2_pass": true
}