{
  "git_sha": "c9dad63",
  "mock_embedder": true,
  "ingestion_wall_s": 1.5759777500061318,
  "enqueue_walls_ms": [
    0.036833022022619843,
    0.020459003280848265,
    0.0177919864654541,
    0.012750009773299098,
    0.012416014214977622,
    0.011958007235080004,
    0.011584023013710976,
    0.012625008821487427,
    0.011750002158805728,
    0.012458011042326689,
    0.011416006600484252,
    0.010916002793237567,
    0.011666008504107594,
    0.011500000255182385,
    0.011124997399747372,
    0.011083000572398305,
    0.010957999620586634,
    0.01229200279340148,
    0.011208991054445505,
    0.0109999964479357
  ],
  "build_prompt_walls_ms": [
    1.2097920116502792,
    3.2308749796357006,
    2.8900839970447123,
    2.8750420024152845,
    2.972333983052522,
    2.7119999867863953,
    3.0996249988675117,
    2.805416996125132,
    2.9195410024840385,
    1.0082919907290488,
    2.5687080051284283,
    3.0482079891953617,
    3.1288750178646296,
    20.209082984365523,
    3.106292017037049,
    2.836625004420057,
    3.022791992407292,
    1.1965000012423843,
    2.865167014533654,
    2.8834999829996377,
    2.8049589891452342,
    3.1527919927611947,
    2.9882500239182264,
    3.0849589966237545,
    2.95070800348185,
    3.18475000676699,
    2.814957988448441,
    3.034499997738749,
    2.7712090231943876,
    2.624290995299816,
    2.804415998980403,
    1.17591698653996,
    2.7575840067584068,
    2.9905419796705246,
    2.8797080158255994,
    3.0382080003619194,
    2.967125008581206,
    2.8439160087145865,
    2.621583000291139,
    2.829708013450727,
    2.5019579916261137,
    2.9052919999230653,
    2.6101249968633056,
    2.5413749972358346,
    2.6141669950447977,
    2.693792019272223,
    2.7372499753255397,
    2.7861660055350512,
    2.8466249932534993,
    2.8656670183409005
  ],
  "expand_walls_ms": [
    2.307624992681667
  ],
  "retrieve_walls_ms": [
    0.036375015042722225,
    0.010541989468038082,
    0.009957992006093264,
    0.010125018889084458,
    0.010541989468038082,
    0.009499985026195645,
    0.008208007784560323,
    0.010000017937272787,
    0.008332979632541537,
    0.008208997314795852,
    0.011083000572398305,
    0.007374997949227691,
    0.0070829992182552814,
    0.006874994141981006,
    0.006707996362820268,
    0.006791990017518401,
    0.007041991921141744,
    0.006834015948697925,
    0.00695799826644361,
    0.006874994141981006
  ],
  "targets": {
    "NF-H1 enqueue p50": {
      "measured_ms": 0.011708005331456661,
      "target_ms": 20,
      "pass": true
    },
    "NF-H? build p50": {
      "measured_ms": 2.8558960038935766,
      "target_ms": 50,
      "pass": true
    },
    "NF-H? build p95": {
      "measured_ms": 3.18475000676699,
      "target_ms": 1500,
      "pass": true
    },
    "NF-H5 expand p50": {
      "measured_ms": 2.307624992681667,
      "target_ms": 200,
      "pass": true
    },
    "NF-H6 retrieve p50": {
      "measured_ms": 0.008208502549678087,
      "target_ms": 50,
      "pass": true
    }
  },
  "llm_calls_in_retrieval": 0,
  "llm_call_breakdown": {},
  "nf_h7_pass": true,
  "overall": "PASS"
}